,Date,TimeGPT_no_finetune,TimeGPT_no_finetune-hi-95,TimeGPT_no_finetune-lo-95,unique_id_x,TimeGPT,TimeGPT-hi-95,TimeGPT-lo-95,Prophet,Prophet-hi-95,Prophet-lo-95,unique_id_y,LSTM,NHITS,RNN
0,2023-01-01,399.47046,401.96335,396.97757,H1,414.4077,425.48233,403.3331,367.0309543078871,357.9266485503416,376.0409682224017,H1,378.19763,398.49075,405.87555
1,2023-02-01,409.96967,415.61307,404.32626,H1,433.4876,452.6151,414.3601,371.94338399600565,362.7340394663928,381.3480667397882,H1,382.5866,405.6371,406.4314
2,2023-03-01,412.1344,418.75055,405.51825,H1,443.38666,467.71887,419.05444,375.6706817806234,366.9746116395034,384.024450828659,H1,387.09207,414.15952,406.43918
3,2023-04-01,418.32306,426.9381,409.708,H1,453.16663,480.96634,425.3669,380.3791207362797,370.72128215299205,389.5074217025452,H1,391.72186,421.34042,406.232
4,2023-05-01,426.84213,437.29892,416.38535,H1,462.99326,493.3149,432.6716,385.02035891207174,376.0413102533008,393.93655481645436,H1,396.48486,429.67593,406.3721
5,2023-06-01,432.21115,442.5453,421.877,H1,471.4317,503.76343,439.09998,389.9427840076181,380.69749720003074,399.2119141370721,H1,401.4084,438.18536,407.60767
6,2023-07-01,436.41248,448.71066,424.1143,H1,482.6374,520.1619,445.11285,394.3738306718521,385.10411650870617,403.52383902504124,H1,406.50977,445.4614,409.83502
7,2023-08-01,444.2013,457.87582,430.52676,H1,491.364,531.38654,451.3415,398.86460319517647,389.425284583628,408.8239204470172,H1,411.97488,453.4159,412.96973
8,2023-09-01,447.9501,463.9587,431.9415,H1,502.50977,547.373,457.64655,403.67669804915744,392.994402493874,413.7841149203954,H1,417.68835,463.26035,416.47662
9,2023-10-01,452.70795,470.97873,434.43716,H1,505.6118,550.1329,461.0907,408.188926282478,397.6175920164558,418.1916930562011,H1,423.76007,472.39377,420.21506
10,2023-11-01,458.52814,479.04648,438.0098,H1,512.9441,556.7458,469.1424,413.0691490320189,401.6199575713975,424.54116857756986,H1,430.30853,482.05048,425.19696
11,2023-12-01,472.21643,494.86243,449.57043,H1,532.4486,576.5833,488.3139,419.92115510856826,407.5140621064679,431.20484166174464,H1,437.8875,491.8921,444.726
12,2024-01-01,471.05066,495.89377,446.20755,H1,529.84985,573.27893,486.4208,421.7368039812341,410.302690016798,433.44371309564957,H1,445.96405,502.8646,483.7533
13,2024-02-01,479.87396,504.84113,454.9068,H1,544.7368,592.247,497.22665,427.2003984392804,414.6951913584054,440.9602697603446,H1,454.40155,512.65564,527.82043
14,2024-03-01,480.09595,507.09772,453.09418,H1,551.067,600.32294,501.8111,431.4139603519654,417.7529762987619,443.3411296961053,H1,463.33246,522.45325,550.77686
15,2024-04-01,484.49036,512.9026,456.07816,H1,555.7565,603.4033,508.10956,435.7019282974823,421.47305885115907,449.9722019115377,H1,472.96497,535.4441,552.18677
16,2024-05-01,490.1505,520.21454,460.08652,H1,561.1022,607.803,514.40137,439.9117437291562,425.630270390183,454.07105779265123,H1,483.77075,547.0218,545.69556
17,2024-06-01,493.12067,526.745,459.4963,H1,562.1961,605.45013,518.94214,444.7038131331444,428.3412474072618,458.6453014386647,H1,496.59253,557.83685,544.29114
18,2024-07-01,496.79376,532.5979,460.98962,H1,570.376,615.85504,524.8969,449.4360454596953,433.1069546966898,466.933671509476,H1,512.03235,569.057,550.17114
19,2024-08-01,500.8011,539.1826,462.41956,H1,573.1277,617.7917,528.4637,454.2432738347111,437.8393238109719,472.3573390094974,H1,530.21576,582.25793,560.3165
20,2024-09-01,503.75055,545.55676,461.9443,H1,580.9479,627.7505,534.14526,458.93151231407603,440.6391362610278,478.219949697305,H1,550.3871,593.77246,576.3993
21,2024-10-01,507.3111,552.02014,462.60202,H1,580.28076,625.10516,535.45636,463.4035925360222,444.4435544108658,482.431713500702,H1,570.84595,607.4702,596.0995
22,2024-11-01,511.9946,559.8942,464.09497,H1,583.95667,626.8831,541.0302,468.0407294923737,447.93662216573387,489.70655598604134,H1,589.953,623.0078,617.6183
23,2024-12-01,523.451,585.7048,461.19724,H1,600.19806,644.2919,556.10425,474.59340622783986,451.8982255082836,497.73725792079443,H1,606.6611,636.65515,645.6868
24,2025-01-01,524.8339,527.32684,522.341,H1,617.78613,628.8608,606.7115,477.6080411904166,454.4556103184138,501.96217284192846,,,,
25,2025-02-01,533.54596,539.18933,527.9026,H1,640.55664,659.68414,621.42914,481.41502852560706,456.9226307551879,505.731814578971,,,,
26,2025-03-01,536.50635,543.1225,529.8902,H1,654.9448,679.27704,630.6126,486.1644778717933,458.4008925306618,510.59524321057535,,,,
27,2025-04-01,540.51337,549.1284,531.8983,H1,661.13055,688.9303,633.3308,490.58566371912065,464.55296811865105,518.1164375527297,,,,
28,2025-05-01,547.63794,558.0948,537.1811,H1,671.9951,702.31683,641.6734,494.9395368985289,466.3098590253755,525.4030635883329,,,,
29,2025-06-01,549.97253,560.3067,539.63837,H1,679.4565,711.7882,647.12476,499.7790045215365,470.7060494918088,527.7062068762903,,,,
30,2025-07-01,554.1903,566.48846,541.89215,H1,696.0084,733.53296,658.4839,504.41380513856717,473.8242330189172,534.646422480859,,,,
31,2025-08-01,559.07263,572.7472,545.3981,H1,704.3791,744.4016,664.35657,509.1137977593069,476.7558748487986,542.1128881016119,,,,
32,2025-09-01,561.8054,577.814,545.7968,H1,718.36957,763.2328,673.50635,513.8408049456812,480.3965144442882,547.1656830258407,,,,
33,2025-10-01,565.84106,584.1119,547.57025,H1,719.6944,764.21545,675.17334,518.3245996623781,484.20140728325384,553.5145389713538,,,,
34,2025-11-01,568.67084,589.1892,548.15247,H1,719.02216,762.82385,675.22046,523.0424305625219,486.9687155045973,558.9142807198103,,,,
35,2025-12-01,577.9887,600.6347,555.3427,H1,741.8391,785.9738,697.7044,529.7015109286137,492.7745251324696,566.981170547998,,,,
36,2026-01-01,576.7063,601.5494,551.8632,H1,742.0064,785.4355,698.57733,532.3113288833524,492.0907054905,572.8770702274622,,,,
37,2026-02-01,584.36755,609.33466,559.40045,H1,762.8142,810.3244,715.304,536.6714158704901,497.39157714750695,578.0547125627116,,,,
38,2026-03-01,585.92096,612.9227,558.9192,H1,771.9843,821.24023,722.7284,540.9115974847456,499.88634929588835,583.8229096907855,,,,
39,2026-04-01,589.8951,618.3073,561.48285,H1,772.29456,819.9414,724.6477,545.4729701993105,503.09668069036326,589.736879868103,,,,
40,2026-05-01,596.0259,626.0899,565.96185,H1,779.783,826.4838,733.0822,549.970727354593,505.4296734414933,596.9603886417167,,,,
41,2026-06-01,598.53894,632.16327,564.9146,H1,781.16846,824.4224,737.9145,554.8536688906754,506.2025582582763,602.2705816847322,,,,
42,2026-07-01,601.7552,637.5593,565.95105,H1,795.45105,840.9301,749.972,559.3880262190155,509.8445995877507,609.7327849696491,,,,
43,2026-08-01,604.4129,642.79443,566.0314,H1,798.29114,842.95514,753.62714,563.9824861315718,511.6114818199172,616.059520869822,,,,
44,2026-09-01,608.525,650.33124,566.7188,H1,810.7258,857.52844,763.9232,568.7507846265224,518.2898486325794,621.2507650269058,,,,
45,2026-10-01,610.86664,655.5757,566.1576,H1,806.88477,851.70917,762.06036,573.2479821198792,517.5055073117603,627.7008242532714,,,,
46,2026-11-01,613.75854,661.6582,565.8589,H1,806.2555,849.18195,763.32904,578.0468865297889,523.4226443279265,636.4079278189181,,,,
47,2026-12-01,621.0315,683.2853,558.7777,H1,823.6826,867.7765,779.58875,584.8057527040346,529.0816756648514,642.3115620151877,,,,
48,2027-01-01,621.90063,624.3935,619.4078,H1,844.9015,855.97614,833.82684,587.0158067662094,527.4705412185964,646.3482089453096,,,,
49,2027-02-01,628.96204,634.60547,623.3186,H1,872.15106,891.27856,853.02356,591.9282364543225,530.9599512438165,653.6240708314267,,,,
50,2027-03-01,631.7098,638.3259,625.0936,H1,890.969,915.3012,866.6368,595.6555342389419,534.1026353868185,659.9802148828638,,,,
51,2027-04-01,634.97754,643.5926,626.3625,H1,893.05853,920.8583,865.2588,600.3639731946014,535.1663132337486,666.5935238052289,,,,
52,2027-05-01,641.1789,651.6357,630.7221,H1,905.71094,936.03265,875.3892,605.0052113703923,538.5690172547977,672.7041817367724,,,,
53,2027-06-01,642.80194,653.13605,632.46783,H1,913.9315,946.26324,881.5998,609.9276364659373,539.1091657861017,680.3270896150966,,,,
54,2027-07-01,646.21313,658.5113,633.915,H1,935.3197,972.84424,897.79517,614.3586831301718,547.0329388523134,683.7204763902434,,,,
55,2027-08-01,649.95856,663.6331,636.284,H1,944.2095,984.232,904.18695,618.8494556534961,542.7414610046213,692.6837928869826,,,,
56,2027-09-01,652.88226,668.89087,636.87366,H1,962.00244,1006.86566,917.1392,623.6615505074775,549.261773189982,700.4625746510686,,,,
57,2027-10-01,655.9158,674.1866,637.64496,H1,960.7594,1005.2805,916.2383,628.1737787407992,551.2099292509996,705.4843279082781,,,,
58,2027-11-01,657.5028,678.0212,636.98444,H1,956.0254,999.8271,912.2237,633.0540014903398,554.7125426924503,712.6178894841231,,,,
59,2027-12-01,664.12335,686.76935,641.47736,H1,981.19055,1025.3253,937.05585,639.9060075668895,560.0602127292996,719.6965188801354,,,,
60,2028-01-01,663.1809,688.024,638.3378,H1,985.5941,1029.0232,942.16504,641.7216564395525,559.1789128501362,723.496174757875,,,,
61,2028-02-01,669.6742,694.6413,644.7071,H1,1011.6199,1059.13,964.1097,647.1852508975987,561.7439259379075,730.3040010338066,,,,
62,2028-03-01,671.29456,698.2963,644.2928,H1,1023.5044,1072.7603,974.2485,651.3988128102839,565.737937430311,739.4289629615186,,,,
63,2028-04-01,674.8219,703.23413,646.40967,H1,1019.5415,1067.1884,971.89465,655.6867807558033,567.2024609111975,744.88349194367,,,,
64,2028-05-01,680.18695,710.251,650.1229,H1,1027.9619,1074.6627,981.2611,659.8965961874773,568.7980237949058,748.2448295039845,,,,
65,2028-06-01,681.8797,715.504,648.2554,H1,1029.7413,1072.9954,986.48737,664.688665591464,573.84255044448,757.4037532262305,,,,
66,2028-07-01,685.01465,720.8188,649.2105,H1,1048.7223,1094.2014,1003.2432,669.4208979180154,577.7621482229647,763.0219262300722,,,,
67,2028-08-01,686.97003,725.35156,648.5885,H1,1050.7938,1095.4578,1006.1298,674.2281262930312,580.3938469762613,772.7584790779333,,,,
68,2028-09-01,690.7195,732.5257,648.91327,H1,1066.5294,1113.3322,1019.7268,678.916364772396,579.5310885826524,775.7583836603004,,,,
69,2028-10-01,692.41833,737.1274,647.7093,H1,1059.1469,1103.9713,1014.32245,683.3884449943434,584.4097931751883,781.7353482239279,,,,
70,2028-11-01,694.11865,742.0183,646.219,H1,1054.819,1097.7455,1011.8925,688.025581950695,585.9769009751005,786.8082573744585,,,,
71,2028-12-01,698.9271,761.1809,636.67334,H1,1073.9602,1118.0541,1029.8663,694.5782586861607,589.8609115371644,797.6495360450275,,,,
72,2029-01-01,699.37695,701.8698,696.8841,H1,1099.2616,1110.3363,1088.1869,697.5928936487368,588.5319459109198,803.7741550148007,,,,
73,2029-02-01,705.01355,710.657,699.3701,H1,1130.8562,1149.9836,1111.7288,701.3998809839267,588.7315074710847,811.1888814474794,,,,
74,2029-03-01,707.3229,713.939,700.7067,H1,1153.9175,1178.2498,1129.5852,706.1493303301162,593.0312607463185,817.1350373745483,,,,
75,2029-04-01,709.9567,718.5718,701.3417,H1,1150.913,1178.7126,1123.1133,710.5705161774422,594.5618495055983,821.0201251580797,,,,
76,2029-05-01,715.07086,725.52765,704.6141,H1,1165.3623,1195.684,1135.0406,714.9243893568502,599.230620062804,833.0158269325644,,,,
77,2029-06-01,716.0271,726.36127,705.69293,H1,1173.9875,1206.3193,1141.6558,719.763856979857,601.2955296217963,836.4401502423289,,,,
78,2029-07-01,718.9054,731.20355,706.60724,H1,1200.1719,1237.6964,1162.6473,724.3986575968872,605.136119669841,846.2861179706849,,,,
79,2029-08-01,721.6151,735.2897,707.94055,H1,1209.3717,1249.3942,1169.3492,729.0986502176266,605.4082582695121,852.3902971972617,,,,
80,2029-09-01,724.3973,740.4059,708.3887,H1,1230.4265,1275.2897,1185.5634,733.8256574040024,610.7629298383902,860.0512354021798,,,,
81,2029-10-01,726.63574,744.90656,708.3649,H1,1226.1292,1270.6503,1181.608,738.3094521206993,612.7795956613077,866.5192594748701,,,,
82,2029-11-01,727.4753,747.99365,706.9569,H1,1218.682,1262.4836,1174.8804,743.0272830208428,614.4331798725102,873.7428204233655,,,,
83,2029-12-01,732.23895,754.88495,709.59296,H1,1245.9379,1290.0726,1201.8031,749.6863633869324,620.3794153697656,879.9612587722687,,,,
84,2030-01-01,731.58276,756.42584,706.7397,H1,1254.688,1298.1171,1211.2589,752.2961813416753,616.363909469502,889.360646313036,,,,
85,2030-02-01,736.85364,761.82074,711.88654,H1,1285.2584,1332.7687,1237.7482,756.6562683288157,623.5670190864732,894.6319834274924,,,,
86,2030-03-01,738.2755,765.2773,711.27374,H1,1300.1025,1349.3584,1250.8467,760.8964499430656,622.2116892928722,901.7815302305843,,,,
87,2030-04-01,741.2182,769.63043,712.80597,H1,1290.5729,1338.2197,1242.926,765.4578226576313,622.8177776985546,907.0293500904314,,,,
88,2030-05-01,745.7087,775.7727,715.64465,H1,1299.8251,1346.5259,1253.1243,769.9555798129117,624.3442519113806,913.9090768643067,,,,
89,2030-06-01,746.71716,780.3415,713.09283,H1,1301.1812,1344.4352,1257.9271,774.8385213489936,629.4210986466353,921.2518677555279,,,,
90,2030-07-01,749.4852,785.28937,713.6811,H1,1324.9023,1370.3815,1279.4232,779.3728786773362,630.3178339699069,929.2461665427492,,,,
91,2030-08-01,750.84485,789.2264,712.4633,H1,1325.845,1370.5089,1281.181,783.9673385898919,635.0111990881928,936.1754212311497,,,,
92,2030-09-01,754.16254,795.96875,712.3563,H1,1344.3143,1391.1171,1297.5116,788.7356370848432,638.9603337727252,944.4519484337158,,,,
93,2030-10-01,755.36707,800.0761,710.658,H1,1333.277,1378.1014,1288.4525,793.2328345781989,640.6293851982026,953.3796232902602,,,,
94,2030-11-01,756.3721,804.2717,708.4724,H1,1326.4744,1369.4009,1283.5479,798.031738988108,642.4425867952092,965.6651546474404,,,,
95,2030-12-01,759.64026,821.89404,697.3865,H1,1346.9293,1391.0232,1302.8354,804.7906051623537,647.9701803667355,969.6283010787861,,,,
96,2031-01-01,759.8785,762.3714,757.38556,H1,1376.023,1387.0975,1364.9484,807.0006592245289,648.9802888945825,976.3884449311207,,,,
97,2031-02-01,764.2957,769.9391,758.65234,H1,1411.7017,1430.8291,1392.5742,811.9130889126445,651.5314938855244,980.0825500271037,,,,
98,2031-03-01,766.11,772.72614,759.49384,H1,1438.6951,1463.0273,1414.3628,815.6403866972638,649.1095342502971,988.6370967214818,,,,
99,2031-04-01,768.18225,776.7973,759.5672,H1,1429.002,1456.8016,1401.2023,820.3488256529206,652.7226916054368,1000.870081825764,,,,
100,2031-05-01,772.2509,782.7077,761.7941,H1,1445.4622,1475.7838,1415.1405,824.9900638287137,654.2121465474967,1008.7922904217413,,,,
101,2031-06-01,772.76086,783.09503,762.4267,H1,1454.2324,1486.5642,1421.9006,829.9124889242592,658.6711530209492,1012.3308053799219,,,,
102,2031-07-01,775.1497,787.4479,762.85156,H1,1484.8452,1522.3698,1447.3207,834.3435355884926,656.4692328137727,1020.6709821839228,,,,
103,2031-08-01,777.0094,790.68396,763.33484,H1,1494.1519,1534.1743,1454.1294,838.8343081118172,661.7380401628136,1028.4941858949571,,,,
104,2031-09-01,779.5238,795.5324,763.5152,H1,1517.9904,1562.8535,1473.1272,843.6464029657977,664.6270629786567,1036.1420916662335,,,,
105,2031-10-01,781.1456,799.41644,762.8748,H1,1509.8467,1554.3678,1465.3256,848.1586311991181,666.9652441625323,1040.0868370828866,,,,
106,2031-11-01,781.534,802.05237,761.0156,H1,1500.8667,1544.6683,1457.0651,853.0388539486597,669.317080674626,1049.6862503275004,,,,
107,2031-12-01,784.98834,807.63434,762.34235,H1,1529.4789,1573.6136,1485.3441,859.8908600252092,673.1412943417174,1060.1969186135286,,,,
108,2032-01-01,784.5385,809.3816,759.69543,H1,1542.8438,1586.2728,1499.4147,861.7065088978748,672.2293806330915,1061.2012647092922,,,,
109,2032-02-01,788.7317,813.6988,763.7646,H1,1577.502,1625.0121,1529.9918,867.1701033559158,675.8179086816356,1072.2375317112715,,,,
110,2032-03-01,789.8269,816.8287,762.82513,H1,1595.3595,1644.6154,1546.1036,871.3836652686055,672.4596242258264,1077.0332128520786,,,,
111,2032-04-01,792.243,820.6552,763.83075,H1,1578.6625,1626.3093,1531.0156,875.6716332141231,680.8483697815498,1084.2343081439258,,,,
112,2032-05-01,795.844,825.908,765.77997,H1,1589.0168,1635.7177,1542.316,879.8814486457986,680.1243412990018,1090.5224406362024,,,,
113,2032-06-01,796.3733,829.9976,762.74896,H1,1589.5564,1632.8104,1546.3024,884.6735180497857,681.0858537331259,1099.4562943394947,,,,
114,2032-07-01,798.7257,834.52985,762.9216,H1,1617.7844,1663.2635,1572.3053,889.4057503763371,686.4487469631388,1110.4441756605834,,,,
115,2032-08-01,799.6151,837.99664,761.2336,H1,1617.2366,1661.9005,1572.5726,894.2129787513521,684.8038872118586,1116.917211139648,,,,
116,2032-09-01,802.4722,844.27844,760.666,H1,1638.0043,1684.807,1591.2015,898.9012172307158,688.9651701637462,1118.7619289666857,,,,
117,2032-10-01,803.3329,848.04193,758.62384,H1,1622.6696,1667.494,1577.8451,903.3732974526629,686.8909845352733,1127.935494612195,,,,
118,2032-11-01,803.891,851.79065,755.99133,H1,1614.5327,1657.4592,1571.6062,908.0104344090153,686.5453883950624,1136.066917887896,,,,
119,2032-12-01,806.16943,868.4232,743.91565,H1,1636.0239,1680.1178,1591.93,914.5631111444799,697.4274689883397,1147.5152533482876,,,,
120,2033-01-01,806.32025,808.8132,803.82733,H1,1668.4883,1679.5629,1657.4137,917.5777461070572,695.6481775982442,1150.9122000110895,,,,
121,2033-02-01,809.7599,815.4033,804.11646,H1,1708.6194,1727.7468,1689.492,921.3847334422446,695.6962944929815,1161.2814881660947,,,,
122,2033-03-01,811.0949,817.71106,804.47876,H1,1739.9694,1764.3015,1715.6372,926.1341827884331,699.37937865002,1168.9584266255954,,,,
123,2033-04-01,812.73114,821.3462,804.1161,H1,1721.3201,1749.1198,1693.5204,930.5553686357606,700.7374471990055,1175.792486558962,,,,
124,2033-05-01,815.8868,826.34357,805.43,H1,1740.4205,1770.7422,1710.0989,934.9092418151706,699.9481553405695,1184.8959794689877,,,,
125,2033-06-01,816.11224,826.44635,805.77814,H1,1748.8438,1781.1755,1716.512,939.7487094381773,704.239304275309,1193.2297441964736,,,,
126,2033-07-01,818.0559,830.35406,805.75775,H1,1783.1393,1820.6638,1745.6147,944.383510055208,702.8897164591858,1197.4247508490791,,,,
127,2033-08-01,819.3001,832.9747,805.62555,H1,1792.6416,1832.6641,1752.6191,949.0835026759452,707.1786041120213,1206.6236402983402,,,,
128,2033-09-01,821.48065,837.48926,805.47205,H1,1819.1025,1863.9657,1774.2394,953.8105098623209,711.6874498638075,1214.174007921976,,,,
129,2033-10-01,822.6521,840.9229,804.3813,H1,1805.7947,1850.3158,1761.2736,958.2943045790206,715.095929845125,1227.7605697452032,,,,
130,2033-11-01,822.76575,843.2841,802.2474,H1,1796.2651,1840.0668,1752.4635,963.012135479162,714.1468305438686,1230.7824148591615,,,,
131,2033-12-01,825.3163,847.9623,802.6703,H1,1825.6248,1869.7595,1781.49,969.6712158452542,720.523021556467,1243.1485765728853,,,,
132,2034-01-01,824.9929,849.836,800.14984,H1,1843.5692,1886.9983,1800.1401,972.2810337999916,718.6499243923251,1245.7625226425826,,,,
133,2034-02-01,828.28503,853.25214,803.31793,H1,1882.446,1929.9562,1834.9359,976.6411207871341,717.5280349273362,1254.1107882160322,,,,
134,2034-03-01,829.07184,856.0736,802.07007,H1,1903.6875,1952.9434,1854.4316,980.8813024013865,722.6359032996257,1256.1608656989422,,,,
135,2034-04-01,831.0279,859.4401,802.61566,H1,1877.993,1925.6399,1830.3462,985.4426751159515,726.8603200875787,1268.196189715774,,,,
136,2034-05-01,833.83246,863.8965,803.76843,H1,1890.0436,1936.7444,1843.3428,989.940432271231,727.8596876713708,1274.013171724381,,,,
137,2034-06-01,834.06177,867.6861,800.43744,H1,1889.5929,1932.8469,1846.3389,994.8233738073156,726.2228777772442,1278.6240375490154,,,,
138,2034-07-01,835.995,871.79913,800.19086,H1,1921.3405,1966.8196,1875.8613,999.3577311356564,729.553592378717,1286.9280920564474,,,,
139,2034-08-01,836.5531,874.93463,798.1716,H1,1919.6204,1964.2843,1874.9564,1003.952191048213,733.1604268738901,1295.8820159547706,,,,
140,2034-09-01,838.9332,880.73944,797.127,H1,1942.2439,1989.0466,1895.4412,1008.7204895431628,729.5300070922046,1303.4441433971867,,,,
141,2034-10-01,839.5517,884.26074,794.84265,H1,1921.4321,1966.2566,1876.6077,1013.21768703652,733.1453402549098,1309.360072776205,,,,
142,2034-11-01,839.8225,887.72217,791.92285,H1,1912.9966,1955.9231,1870.0701,1018.0165914464291,738.0321863188572,1321.13820423172,,,,
143,2034-12-01,841.47125,903.72504,779.21747,H1,1935.0298,1979.1237,1890.9359,1024.7754576206737,742.285126832954,1326.8372205987073,,,,
144,2035-01-01,841.56415,844.05707,839.0712,H1,1970.488,1981.5626,1959.4135,1026.9855116828503,740.7931288388137,1331.932380481774,,,,
145,2035-02-01,844.2254,849.8688,838.58203,H1,2016.2783,2035.4058,1997.1509,1031.8979413709633,746.9056753196867,1341.6801224602511,,,,
146,2035-03-01,845.19275,851.8089,838.5766,H1,2052.446,2076.7783,2028.1138,1035.6252391555852,742.4574403614577,1345.7534998133603,,,,
147,2035-04-01,846.4769,855.092,837.8619,H1,2021.7596,2049.5593,1993.96,1040.333678111241,744.4950825570148,1354.863118320529,,,,
148,2035-05-01,848.8797,859.3365,838.4229,H1,2044.9531,2075.2747,2014.6315,1044.9749162870326,744.811993082209,1358.7061570183969,,,,
149,2035-06-01,848.9556,859.28973,838.6215,H1,2052.2812,2084.613,2019.9495,1049.8973413825793,750.2997057365606,1366.0885471046013,,,,
150,2035-07-01,850.50854,862.8067,838.2104,H1,2089.1401,2126.6648,2051.6155,1054.3283880468136,752.6327575371931,1374.0765276301674,,,,
151,2035-08-01,851.33105,865.0056,837.6565,H1,2099.7996,2139.822,2059.777,1058.8191605701386,750.5135387335382,1380.5409891707284,,,,
152,2035-09-01,853.1557,869.1643,837.1471,H1,2128.4817,2173.345,2083.6184,1063.6312554241188,754.5763713116636,1388.671584780672,,,,
153,2035-10-01,854.0115,872.2823,835.74066,H1,2108.5513,2153.0723,2064.0303,1068.1434836574383,748.9681306707117,1398.0495020805263,,,,
154,2035-11-01,853.9592,874.4776,833.44086,H1,2099.676,2143.4775,2055.8745,1073.023706406979,757.42280529285,1405.6944070840118,,,,
155,2035-12-01,855.8747,878.5207,833.2287,H1,2128.8457,2172.9805,2084.711,1079.8757124835279,758.8034280564619,1414.1196968113272,,,,
156,2036-01-01,855.63434,880.4774,830.79126,H1,2150.9646,2194.3938,2107.5354,1081.6913613561896,753.8426080219452,1415.6130588512422,,,,
157,2036-02-01,858.1924,883.1595,833.2253,H1,2194.7427,2242.253,2147.2324,1087.154955814241,757.9864089757772,1425.3025571100195,,,,
158,2036-03-01,858.74817,885.74994,831.7464,H1,2220.312,2269.5679,2171.0562,1091.3685177269276,764.9380105652878,1434.7467898366467,,,,
159,2036-04-01,860.2984,888.71063,831.88617,H1,2182.926,2230.573,2135.279,1095.6564856724428,767.002524482041,1441.6124644014124,,,,
160,2036-05-01,862.4469,892.5109,832.3829,H1,2197.9307,2244.6316,2151.2297,1099.8663011041176,762.5138786879481,1449.613613900427,,,,
161,2036-06-01,862.5047,896.129,828.8804,H1,2196.1875,2239.4417,2152.9333,1104.658370508106,769.5528200280387,1456.7328264031958,,,,
162,2036-07-01,864.04706,899.8512,828.2429,H1,2230.0625,2275.5417,2184.5833,1109.3906028346576,762.9786946079888,1465.7513673844887,,,,
163,2036-08-01,864.3833,902.76483,826.0018,H1,2228.1172,2272.781,2183.4534,1114.1978312096717,774.9026295328871,1469.7112624215126,,,,
164,2036-09-01,866.3352,908.1414,824.529,H1,2251.8208,2298.6235,2205.018,1118.8860696890354,777.5419884307742,1479.3595124093717,,,,
165,2036-10-01,866.7839,911.4929,822.0748,H1,2224.1982,2269.0227,2179.3738,1123.358149910983,777.6294638329925,1488.2438480878127,,,,
166,2036-11-01,866.8654,914.765,818.9658,H1,2216.2544,2259.181,2173.328,1127.995286867335,779.6588384680198,1496.944789675857,,,,
167,2036-12-01,868.093,930.3468,805.83923,H1,2238.106,2282.2,2194.012,1134.5479636028017,783.385552987374,1502.4210160213518,,,,
168,2037-01-01,868.15045,870.6434,865.65753,H1,2275.3232,2286.3977,2264.2488,1137.5625985653753,781.3014882685881,1510.631506539716,,,,
169,2037-02-01,870.19275,875.8362,864.5493,H1,2328.8186,2347.946,2309.6912,1141.3695859005688,780.3849864536061,1513.7640799604026,,,,
170,2037-03-01,870.89233,877.5085,864.2762,H1,2369.8704,2394.2026,2345.538,1146.1190352467543,782.6445578034645,1528.7328357001313,,,,
171,2037-04-01,871.8826,880.4977,863.2676,H1,2323.3506,2351.1504,2295.5508,1150.5402210940817,783.6116029301786,1534.0410997759175,,,,
172,2037-05-01,873.6947,884.15155,863.23785,H1,2351.9175,2382.239,2321.596,1154.8940942734891,787.2059723010578,1541.6946493887845,,,,
173,2037-06-01,873.6956,884.0297,863.3615,H1,2358.107,2390.4387,2325.7751,1159.7335618964971,791.8594577420192,1548.258142319089,,,,
174,2037-07-01,874.9101,887.20825,862.61194,H1,2395.8486,2433.3733,2358.324,1164.3683625135286,788.7528209768944,1555.0382560562969,,,,
175,2037-08-01,875.45496,889.1295,861.7804,H1,2409.1777,2449.2002,2369.1553,1169.0683551342659,792.5882446677259,1565.026686840181,,,,
176,2037-09-01,876.94745,892.95605,860.93884,H1,2439.575,2484.4382,2394.7117,1173.7953623206408,790.831417598652,1569.9314019427252,,,,
177,2037-10-01,877.57526,895.84607,859.30444,H1,2411.024,2455.545,2366.503,1178.2791570373402,795.7077652133615,1582.593854272464,,,,
178,2037-11-01,877.4326,897.951,856.91425,H1,2404.395,2448.1965,2360.5935,1182.9969879374835,794.7608889954873,1592.3117206225525,,,,
179,2037-12-01,878.88275,901.52875,856.23676,H1,2432.576,2476.7104,2388.4414,1189.6560683035734,799.8774633593583,1601.2834528629896,,,,
180,2038-01-01,878.7032,903.54626,853.8601,H1,2457.6213,2501.0505,2414.1921,1192.2658862583135,799.1640287857285,1608.905709413457,,,,
181,2038-02-01,880.6754,905.6425,855.7083,H1,2508.352,2555.8623,2460.8418,1196.6259732454523,798.8547697162189,1617.0400675231808,,,,
182,2038-03-01,881.0691,908.07086,854.0673,H1,2539.4575,2588.7134,2490.2017,1200.8661548597074,798.9027971233736,1623.1143424491434,,,,
183,2038-04-01,882.2766,910.68884,853.8644,H1,2485.5962,2533.2432,2437.9492,1205.4275275742727,800.2053152369589,1633.674195208485,,,,
184,2038-05-01,883.8974,913.9614,853.8334,H1,2505.0332,2551.7341,2458.3323,1209.9252847295525,803.9876478116449,1636.8177841127645,,,,
185,2038-06-01,883.86926,917.4936,850.24493,H1,2502.0107,2545.265,2458.7566,1214.8082262656362,808.5397515488849,1649.2859698659693,,,,
186,2038-07-01,885.07776,920.8819,849.2736,H1,2536.7324,2582.2117,2491.2532,1219.342583593976,804.7332117666384,1659.1373735244038,,,,
187,2038-08-01,885.2694,923.65094,846.8879,H1,2536.0908,2580.7546,2491.427,1223.9370435065325,807.0647897426005,1667.2081584317275,,,,
188,2038-09-01,886.8487,928.6549,845.0425,H1,2559.3071,2606.1099,2512.5044,1228.7053420014831,810.7640883006702,1672.8344952623459,,,,
189,2038-10-01,887.172,931.88104,842.46295,H1,2523.5425,2568.367,2478.718,1233.2025394948391,813.8654287841227,1682.2479246520074,,,,
190,2038-11-01,887.1453,935.0449,839.2457,H1,2517.2537,2560.1802,2474.3271,1238.0014439047502,812.3836197619194,1687.549869783235,,,,
191,2038-12-01,888.07166,950.32544,825.8179,H1,2538.513,2582.607,2494.419,1244.7603100789954,812.6587543952628,1698.1582398588237,,,,
192,2039-01-01,888.106,890.59894,885.6131,H1,2575.2224,2586.2969,2564.148,1246.970364141172,820.4126646969805,1708.0612904985069,,,,
193,2039-02-01,889.6668,895.3102,884.02344,H1,2640.027,2659.1545,2620.8997,1251.8827938292875,815.9166280721911,1712.5416248393915,,,,
194,2039-03-01,890.1727,896.7889,883.5566,H1,2685.2876,2709.6199,2660.9553,1255.6100916139017,815.6617291751558,1716.9186067397166,,,,
195,2039-04-01,890.9271,899.5422,882.3121,H1,2617.7656,2645.5654,2589.9658,1260.3185305695604,815.2884469559658,1725.7775118133861,,,,
196,2039-05-01,892.2825,902.7393,881.8256,H1,2652.8816,2683.2031,2622.56,1264.9597687453536,819.69291211509,1735.0588209654811,,,,
197,2039-06-01,892.2511,902.58527,881.91693,H1,2659.5881,2691.92,2627.2563,1269.882193840898,822.4196022756852,1744.0489911452523,,,,
198,2039-07-01,893.1893,905.4874,880.8911,H1,2696.63,2734.1545,2659.1052,1274.3132405051324,822.5789210317066,1754.5138240899082,,,,
199,2039-08-01,893.5498,907.22437,879.87524,H1,2714.5093,2754.5317,2674.4868,1278.804013028457,818.9029699025332,1759.4541928777987,,,,
200,2039-09-01,894.74664,910.75525,878.73804,H1,2744.4873,2789.3506,2699.624,1283.61610788244,825.7646663089865,1767.3192983488902,,,,
201,2039-10-01,895.20636,913.4772,876.93555,H1,2706.2,2750.721,2661.679,1288.128336115761,828.2994421761321,1775.9051452832598,,,,
202,2039-11-01,895.029,915.54736,874.5106,H1,2702.2344,2746.036,2658.4329,1293.0085588652996,822.6664008865116,1780.3261396759317,,,,
203,2039-12-01,896.1308,918.7768,873.4848,H1,2729.3357,2773.4702,2685.2012,1299.8605649418505,827.1442186268873,1791.9654482727208,,,,
204,2040-01-01,895.9974,920.84045,871.1543,H1,2755.9185,2799.3474,2712.4895,1301.6762138145123,825.3968726555868,1795.5234515738653,,,,
205,2040-02-01,897.5108,922.4779,872.5437,H1,2816.8086,2864.3188,2769.2983,1307.139808272559,824.457781809318,1810.1396725535008,,,,
206,2040-03-01,897.78687,924.78864,870.7851,H1,2853.94,2903.1958,2804.684,1311.3533701852432,829.1009888216408,1811.7357653919648,,,,
207,2040-04-01,898.71643,927.12866,870.3042,H1,2778.2188,2825.8657,2730.5718,1315.6413381307639,832.2239732968922,1819.6333355956624,,,,
208,2040-05-01,899.9261,929.9901,869.86206,H1,2803.19,2849.8909,2756.489,1319.8511535624382,830.4881406916512,1833.1593153700549,,,,
209,2040-06-01,899.861,933.48535,866.2367,H1,2800.3628,2843.617,2757.1086,1324.643222966423,831.4520470721926,1838.1032152925056,,,,
210,2040-07-01,900.7945,936.59863,864.99036,H1,2834.3223,2879.8015,2788.843,1329.3754552929765,826.6181993699417,1840.6076955792823,,,,
211,2040-08-01,900.8983,939.27985,862.5168,H1,2836.3052,2880.969,2791.6414,1334.1826836679918,836.2525703693603,1858.2264357259571,,,,
212,2040-09-01,902.15564,943.96185,860.3494,H1,2856.9512,2903.754,2810.1484,1338.8709221473573,832.4550518875607,1863.1698584137525,,,,
213,2040-10-01,902.39014,947.0992,857.6811,H1,2812.044,2856.8684,2767.2195,1343.343002369304,834.7606729706147,1868.321852621118,,,,
214,2040-11-01,902.30804,950.20764,854.40845,H1,2807.7515,2850.678,2764.825,1347.9801393256544,833.7173102868252,1881.7480343806958,,,,
215,2040-12-01,903.00903,965.2628,840.75525,H1,2829.5688,2873.6628,2785.4749,1354.532816061121,839.2483511922281,1891.607876816853,,,,
216,2041-01-01,903.03156,905.5245,900.53864,H1,2864.0505,2875.125,2852.976,1357.5474510236963,836.6320565744019,1897.814977540339,,,,
217,2041-02-01,904.216,909.8594,898.57263,H1,2944.618,2963.7454,2925.4905,1361.3544383588874,834.9212947748118,1898.5930688474818,,,,
218,2041-03-01,904.58234,911.1985,897.9662,H1,2994.0645,3018.3967,2969.7322,1366.103887705075,837.9642315932371,1912.369542642731,,,,
219,2041-04-01,905.1513,913.76636,896.53625,H1,2899.4407,2927.2405,2871.6409,1370.5250735524019,840.2433206127693,1920.6408474942955,,,,
220,2041-05-01,906.1592,916.616,895.70233,H1,2942.788,2973.1096,2912.4666,1374.878946731811,839.0687454214869,1932.226052265966,,,,
221,2041-06-01,906.116,916.45013,895.7819,H1,2952.4033,2984.735,2920.0715,1379.718414354817,844.3795769187897,1934.8411767095745,,,,
222,2041-07-01,906.8376,919.13574,894.5394,H1,2987.2966,3024.821,2949.7722,1384.353214971848,846.0419267751718,1946.799362568924,,,,
223,2041-08-01,907.0738,920.74835,893.39923,H1,3011.0676,3051.09,2971.0452,1389.053207592588,848.4373801143192,1955.2625835173499,,,,
224,2041-09-01,908.0179,924.0265,892.0093,H1,3036.3477,3081.211,2991.4844,1393.7802147789628,844.0349277856897,1963.7436085908282,,,,
225,2041-10-01,908.35406,926.6249,890.08325,H1,2990.2312,3034.7522,2945.7102,1398.26400949566,848.1026419911204,1968.9292295289206,,,,
226,2041-11-01,908.1756,928.694,887.6572,H1,2988.662,3032.4636,2944.8606,1402.981840395803,847.0444437213876,1976.663603541893,,,,
227,2041-12-01,909.01154,931.65753,886.36554,H1,3014.1838,3058.3184,2970.0493,1409.6409207618944,849.8107409907333,1992.3063216783469,,,,
228,2042-01-01,908.91327,933.75635,884.0702,H1,3041.9783,3085.4075,2998.549,1412.2507387166347,849.6510880269965,1998.5637031049248,,,,
229,2042-02-01,910.0684,935.0355,885.1013,H1,3116.3433,3163.8535,3068.833,1416.6108257037695,849.3617603794037,2008.7141341989877,,,,
230,2042-03-01,910.2609,937.2627,883.25916,H1,3158.6868,3207.9426,3109.431,1420.8510073180246,849.3582204913301,2023.7792907433513,,,,
231,2042-04-01,910.9688,939.38104,882.5566,H1,3056.4053,3104.0522,3008.7583,1425.4123800325917,854.3933508867548,2027.4763085471518,,,,
232,2042-05-01,911.86676,941.9308,881.80273,H1,3087.7932,3134.4941,3041.0923,1429.9101371878721,855.1959725880434,2034.4134908373276,,,,
233,2042-06-01,911.7885,945.41284,878.1642,H1,3088.3264,3131.5806,3045.0723,1434.793078723955,849.8978479379338,2044.164536186074,,,,
234,2042-07-01,912.50366,948.3078,876.6995,H1,3120.7092,3166.1882,3075.2302,1439.3274360522978,855.930271410314,2048.3451533251014,,,,
235,2042-08-01,912.5567,950.93823,874.1752,H1,3125.1511,3169.815,3080.4873,1443.9218959648526,852.6571981236239,2064.933007846669,,,,
236,2042-09-01,913.5411,955.3473,871.73486,H1,3141.0293,3187.832,3094.2266,1448.6901944598035,853.7588827982287,2069.1849412474244,,,,
237,2042-10-01,913.7131,958.4221,869.004,H1,3087.2554,3132.0798,3042.431,1453.18739195316,855.4529654886708,2081.978359431949,,,,
238,2042-11-01,913.6095,961.50916,865.70984,H1,3084.641,3127.5676,3041.7146,1457.9862963630694,850.5495852044237,2089.544761909399,,,,
239,2042-12-01,914.14,976.3938,851.8862,H1,3107.2424,3151.3364,3063.1484,1464.745162537315,854.353880554074,2094.452305814397,,,,
240,2043-01-01,914.15546,916.6484,911.66254,H1,3140.1465,3151.221,3129.072,1466.9552165994894,859.1368049395206,2104.1998363481084,,,,
241,2043-02-01,915.0484,920.6918,909.405,H1,3241.8384,3260.9658,3222.711,1471.867646287607,852.8858911210757,2114.1163749521147,,,,
242,2043-03-01,915.3149,921.931,908.6987,H1,3299.0757,3323.408,3274.7434,1475.5949440722247,861.3674416315497,2119.8664943536105,,,,
243,2043-04-01,915.741,924.3561,907.126,H1,3168.6672,3196.467,3140.8674,1480.30338302788,857.7012297475771,2122.0467195102683,,,,
244,2043-05-01,916.4874,926.9443,906.0306,H1,3224.641,3254.9626,3194.3196,1484.9446212036723,853.7312133492912,2130.7239629040864,,,,
245,2043-06-01,916.4431,926.7773,906.10895,H1,3239.6636,3271.9954,3207.3318,1489.86704629922,854.151494455193,2138.092999035477,,,,
246,2043-07-01,916.9944,929.29254,904.6962,H1,3271.9932,3309.5178,3234.4685,1494.2980929634534,860.5803591674975,2147.1702613208768,,,,
247,2043-08-01,917.14923,930.8238,903.4747,H1,3302.0762,3342.0986,3262.0537,1498.7888654867788,855.0371091208546,2153.3012716401336,,,,
248,2043-09-01,917.8835,933.8921,901.8749,H1,3321.691,3366.5542,3276.8276,1503.60096034076,852.1970354709478,2165.2543572064237,,,,
249,2043-10-01,918.1298,936.40063,899.859,H1,3267.1536,3311.6746,3222.6326,1508.113188574079,848.2313696536687,2172.76435044958,,,,
250,2043-11-01,917.9658,938.4842,897.44745,H1,3266.5735,3310.375,3222.772,1512.9934113236206,852.7446369917616,2178.230121858313,,,,
251,2043-12-01,918.5991,941.2451,895.9531,H1,3291.0776,3335.2124,3246.9429,1519.8454174001708,856.5166350336964,2189.4787059677965,,,,
252,2044-01-01,918.5286,943.3717,893.68555,H1,3319.6553,3363.0842,3276.2263,1521.6610662728344,852.9260599000194,2195.9894647295073,,,,
253,2044-02-01,919.40405,944.37115,894.43695,H1,3411.1492,3458.6594,3363.639,1527.124660730879,858.4049318661614,2204.384674069963,,,,
254,2044-03-01,919.5375,946.53925,892.5357,H1,3460.1277,3509.3835,3410.8718,1531.338222643566,853.9189218291343,2215.621807716378,,,,
255,2044-04-01,920.07214,948.4844,891.6599,H1,3324.1628,3371.8098,3276.5159,1535.6261905890842,862.6290091764974,2222.9506366784203,,,,
256,2044-05-01,920.7362,950.80023,890.6722,H1,3365.3953,3412.0962,3318.6943,1539.8360060207583,861.2351236118554,2232.7288864958305,,,,
257,2044-06-01,920.6588,954.28314,887.0345,H1,3372.0156,3415.2698,3328.7615,1544.628075424747,861.2069125055907,2243.9570641400437,,,,
258,2044-07-01,921.2028,957.00696,885.3987,H1,3401.9128,3447.3918,3356.4338,1549.360307751297,857.8820955746852,2256.774548255683,,,,
259,2044-08-01,921.2271,959.60864,882.8456,H1,3410.41,3455.0737,3365.746,1554.1675361263126,860.472710109935,2260.864480516736,,,,
260,2044-09-01,921.9873,963.7935,880.1811,H1,3419.6597,3466.4624,3372.857,1558.855774605677,858.3179370444923,2278.426785459237,,,,
261,2044-10-01,922.114,966.82306,877.40497,H1,3357.537,3402.3616,3312.7126,1563.3278548276237,866.4374487003188,2284.786643160473,,,,
262,2044-11-01,922.00867,969.9083,874.109,H1,3354.2024,3397.129,3311.276,1567.964991783976,865.6046593932592,2287.2473087457765,,,,
263,2044-12-01,922.41064,984.6644,860.15686,H1,3378.2021,3422.2961,3334.1082,1574.5176685194401,865.0440333643128,2300.5476158778797,,,,
264,2045-01-01,922.4225,924.91534,919.9296,H1,3412.6975,3423.772,3401.623,1577.5323034820194,863.4580373888421,2309.044388680352,,,,
265,2045-02-01,923.0919,928.73535,917.4485,H1,3537.245,3556.3726,3518.1177,1581.3392908172057,863.5467562340766,2314.8465041406457,,,,
266,2045-03-01,923.2853,929.9014,916.6691,H1,3605.5999,3629.9321,3581.2676,1586.088740163398,858.8784807152695,2324.05804553663,,,,
267,2045-04-01,923.6035,932.21857,914.98846,H1,3432.753,3460.5527,3404.9531,1590.5099260107218,863.6850619254778,2337.410909996332,,,,
268,2045-05-01,924.1544,934.61127,913.6976,H1,3501.69,3532.0115,3471.3684,1594.863799190132,863.7968691049889,2348.598972816058,,,,
269,2045-06-01,924.1146,934.4488,913.78046,H1,3527.521,3559.8528,3495.1892,1599.703266813138,860.263579108267,2355.8211401055473,,,,
270,2045-07-01,924.5327,936.8309,912.23456,H1,3557.4067,3594.9314,3519.882,1604.338067430168,862.7241179187936,2358.82115776243,,,,
271,2045-08-01,924.6344,938.30896,910.95984,H1,3594.5303,3634.5527,3554.5078,1609.038060050906,858.8026087745885,2374.1045319675777,,,,
272,2045-09-01,925.199,941.2076,909.19037,H1,3608.2798,3653.143,3563.4165,1613.7650672372808,857.5300003665309,2383.6564730046866,,,,
273,2045-10-01,925.37994,943.65076,907.10913,H1,3544.5378,3589.0588,3500.0168,1618.2488619539815,859.652852841476,2393.912875884492,,,,
274,2045-11-01,925.23785,945.7562,904.7195,H1,3542.9756,3586.777,3499.174,1622.9666928541233,858.6531843323035,2402.9597573600026,,,,
275,2045-12-01,925.716,948.362,903.07,H1,3567.3896,3611.5244,3523.255,1629.6257732202164,858.4686858262565,2412.352792885136,,,,
276,2046-01-01,925.66736,950.51044,900.8243,H1,3596.5798,3640.009,3553.1506,1632.2355911749526,856.8747741010101,2418.062882931916,,,,
277,2046-02-01,926.32587,951.29297,901.35876,H1,3706.967,3754.4773,3659.4568,1636.5956781620953,857.1384007689331,2426.5742824575427,,,,
278,2046-03-01,926.4185,953.4203,899.41675,H1,3765.5728,3814.8286,3716.317,1640.8358597763472,858.690182727215,2436.635640951858,,,,
279,2046-04-01,926.8196,955.2318,898.40735,H1,3589.1194,3636.7664,3541.4724,1645.397232490912,860.0468066525007,2444.2631150218303,,,,
280,2046-05-01,927.30927,957.3733,897.24524,H1,3641.149,3687.8499,3594.448,1649.8949896461904,853.3384658996287,2446.898096348759,,,,
281,2046-06-01,927.24054,960.86487,893.6162,H1,3659.145,3702.3992,3615.8909,1654.7779311822753,856.4496965121634,2460.384021379597,,,,
282,2046-07-01,927.6517,963.4558,891.84753,H1,3686.3865,3731.8655,3640.9075,1659.312288510617,856.9828898504522,2469.922605916784,,,,
283,2046-08-01,927.6598,966.0413,889.27826,H1,3699.7178,3744.3816,3655.054,1663.9067484231732,853.008369409304,2479.6137639280746,,,,
284,2046-09-01,928.24164,970.04785,886.4354,H1,3701.9775,3748.7803,3655.1748,1668.675046918124,856.2066447996112,2483.5854881678233,,,,
285,2046-10-01,928.33496,973.044,883.6259,H1,3629.7715,3674.596,3584.947,1673.1722444114803,857.1178632637418,2492.902604584855,,,,
286,2046-11-01,928.2383,976.13794,880.3386,H1,3624.1611,3667.0876,3581.2346,1677.971148821389,855.4995497199194,2506.166157361545,,,,
287,2046-12-01,928.5429,990.7967,866.2891,H1,3651.2239,3695.3179,3607.13,1684.7300149956345,853.6972577604473,2506.105099966178,,,,
288,2047-01-01,928.55273,931.0456,926.0599,H1,3690.4385,3701.513,3679.364,1686.9400690578111,854.7535605554026,2518.5798735474173,,,,
289,2047-02-01,929.05273,934.69617,923.4093,H1,3838.2512,3857.3787,3819.1238,1691.8524987459264,855.0776190453527,2526.135281020511,,,,
290,2047-03-01,929.193,935.80914,922.57684,H1,3921.8757,3946.208,3897.5435,1695.5797965305453,857.2689250702101,2537.05326317072,,,,
291,2047-04-01,929.4295,938.04456,920.81445,H1,3700.891,3728.691,3673.0913,1700.288235486201,851.8709891405351,2540.082514617892,,,,
292,2047-05-01,929.835,940.2918,919.37823,H1,3781.0386,3811.36,3750.717,1704.9294736619922,850.1705615888982,2549.2561721252464,,,,
293,2047-06-01,929.8023,940.1364,919.4682,H1,3825.2607,3857.5925,3792.929,1709.8518987575403,852.2110826241266,2562.1798954016413,,,,
294,2047-07-01,930.117,942.41516,917.81885,H1,3851.5745,3889.0989,3814.05,1714.282945421773,842.2199101426618,2569.268169173038,,,,
295,2047-08-01,930.18427,943.8588,916.5097,H1,3896.516,3936.5386,3856.4937,1718.7737179451008,853.228580154386,2575.773392218884,,,,
296,2047-09-01,930.61487,946.6235,914.60626,H1,3904.853,3949.7163,3859.9897,1723.58581279908,851.3003961757632,2589.3021472849696,,,,
297,2047-10-01,930.7479,949.01874,912.4771,H1,3830.8323,3875.3533,3786.3113,1728.0980410323994,847.15343650117,2595.2660739532794,,,,
298,2047-11-01,930.6298,951.1482,910.11145,H1,3827.0376,3870.839,3783.236,1732.978263781941,848.6656680030504,2602.650194965001,,,,
299,2047-12-01,930.9892,953.6352,908.3432,H1,3853.4502,3897.585,3809.3154,1739.8302698584885,847.5163926584152,2618.2794491547807,,,,
300,2048-01-01,930.95636,955.79944,906.1133,H1,3884.6348,3928.0637,3841.2058,1741.6459187311566,843.1435854174744,2620.617616472512,,,,
301,2048-02-01,931.4495,956.4166,906.4824,H1,4013.7473,4061.2576,3966.237,1747.1095131892039,843.2051887163076,2635.6376185332715,,,,
302,2048-03-01,931.51385,958.5156,904.5121,H1,4085.5522,4134.808,4036.2964,1751.3230751018875,845.6382063779989,2644.2472795582507,,,,
303,2048-04-01,931.81305,960.2253,903.4008,H1,3862.4678,3910.1147,3814.8208,1755.611043047406,843.0294607966011,2647.4856772373664,,,,
304,2048-05-01,932.1733,962.2373,902.10925,H1,3924.0308,3970.7317,3877.3298,1759.8208584790787,847.9908640945639,2657.1309335028955,,,,
305,2048-06-01,932.11633,965.74066,898.492,H1,3959.584,4002.8381,3916.3298,1764.6129278830665,844.6701734255115,2667.5768384999405,,,,
306,2048-07-01,932.42505,968.2292,896.6209,H1,3983.9087,4029.388,3938.4294,1769.3451602096184,841.8395361307712,2672.229730864321,,,,
307,2048-08-01,932.42426,970.8058,894.0427,H1,4002.2454,4046.9092,3957.5815,1774.1523885846343,846.055211946058,2691.6727547988976,,,,
308,2048-09-01,932.8674,974.6736,891.06116,H1,3998.43,4045.2327,3951.6272,1778.8406270639966,844.5384169659897,2692.1079369212616,,,,
309,2048-10-01,932.93585,977.6449,888.2268,H1,3914.5422,3959.3667,3869.7178,1783.312707285942,848.0588308476625,2706.865160956991,,,,
310,2048-11-01,932.85205,980.7517,884.9524,H1,3905.1274,3948.054,3862.201,1787.949844242296,843.9703849486355,2714.2620231718197,,,,
311,2048-12-01,933.0825,995.3363,870.82874,H1,3937.0486,3981.1426,3892.9546,1794.5025209777602,842.9864060252547,2723.1706820778345,,,,
312,2049-01-01,933.0908,935.5837,930.59796,H1,3983.586,3994.6604,3972.5115,1797.5171559403348,843.9467877541163,2733.0125964365516,,,,
313,2049-02-01,933.46295,939.1063,927.8196,H1,4156.245,4175.373,4137.117,1801.3241432755297,841.8160560006913,2736.5273279483354,,,,
314,2049-03-01,933.56506,940.1812,926.9489,H1,4259.286,4283.6187,4234.9536,1806.073592621714,841.4558650265749,2751.499668007218,,,,
315,2049-04-01,933.74023,942.3553,925.1252,H1,3983.6306,4011.4304,3955.8308,1810.4947784690435,847.1265143420533,2756.0404754971337,,,,
316,2049-05-01,934.03815,944.49493,923.58136,H1,4073.13,4103.4517,4042.8083,1814.8486516484518,846.2305245547759,2765.193156762542,,,,
317,2049-06-01,934.0126,944.34674,923.6784,H1,4142.1377,4174.469,4109.806,1819.6881192714588,839.107759024518,2771.9573153181123,,,,
318,2049-07-01,934.24805,946.5462,921.9499,H1,4165.1406,4202.665,4127.616,1824.3229198884897,840.3329136278409,2783.0780480441667,,,,
319,2049-08-01,934.29297,947.9675,920.6184,H1,4219.295,4259.3174,4179.2725,1829.0229125092264,844.7343509229358,2792.862481088652,,,,
320,2049-09-01,934.61926,950.62787,918.61066,H1,4222.5986,4267.462,4177.7354,1833.7499196956007,845.0811283154827,2798.7302733198508,,,,
321,2049-10-01,934.7173,952.9881,916.4465,H1,4136.087,4180.6084,4091.566,1838.2337144123028,849.6975815686478,2810.7131473682407,,,,
322,2049-11-01,934.6216,955.13995,914.1032,H1,4130.242,4174.044,4086.4407,1842.951545312444,848.8199708785279,2818.3731853810823,,,,
323,2049-12-01,934.89087,957.53687,912.2449,H1,4162.4453,4206.58,4118.3105,1849.610625678536,848.0822253618012,2832.4828370665873,,,,
324,2050-01-01,934.8689,959.712,910.0258,H1,4197.1255,4240.554,4153.697,1852.2204436332734,839.4438885629941,2835.9715193587926,,,,
325,2050-02-01,935.23694,960.20404,910.26984,H1,4346.3833,4393.8936,4298.873,1856.580530620414,842.4845218395875,2849.1680774345095,,,,
326,2050-03-01,935.28174,962.2835,908.27997,H1,4434.501,4483.757,4385.245,1860.8207122346685,844.0289846067581,2866.2612402153377,,,,
327,2050-04-01,935.5041,963.9163,907.09186,H1,4158.269,4205.916,4110.622,1865.382084949235,841.9193010634986,2868.534634420551,,,,
328,2050-05-01,935.7688,965.8328,905.7048,H1,4226.271,4272.9717,4179.5703,1869.8798421045137,845.3629184365286,2878.5899619354236,,,,
329,2050-06-01,935.7235,969.34784,902.0992,H1,4285.691,4328.945,4242.437,1874.7627836405984,845.3418849480536,2883.1951330844136,,,,
330,2050-07-01,935.9539,971.75806,900.1498,H1,4307.005,4352.484,4261.526,1879.2971409689371,842.0098675735469,2892.511033388903,,,,
331,2050-08-01,935.9488,974.3303,897.56726,H1,4332.3193,4376.9834,4287.6553,1883.8916008814938,846.2441150292215,2906.3663598811613,,,,
332,2050-09-01,936.2847,978.09094,894.4785,H1,4322.0684,4368.871,4275.2656,1888.659899376444,848.1119074685147,2928.2307489742943,,,,
333,2050-10-01,936.3351,981.0441,891.62604,H1,4224.5596,4269.384,4179.7354,1893.157096869802,840.4555963765014,2937.307594360729,,,,
334,2050-11-01,936.26495,984.16455,888.36536,H1,4210.8115,4253.738,4167.8853,1897.9560012797112,842.4365279879938,2938.8566810532484,,,,
335,2050-12-01,936.4391,998.6929,874.1853,H1,4251.063,4295.1567,4206.969,1904.7148674539555,842.8926798999021,2953.3451960645016,,,,
